Workbook

Sheet transactions_raw
A1: transaction_id | B1: transaction_date | C1: merchant_name | D1: raw_amount | E1: currency | F1: status | G1: risk_score | H1: gateway_region | I1: user_id | J1: payment_method
A2: T001 | B2: 46082 | C2: alpha mart | D2: 420000 | E2: INR | F2: captured | G2: score:62 | H2: APAC | I2: U001 | J2: UPI
A3: T002 | B3: 46082 | C3: ALPHA MART | D3: 210000 | E3: INR | F3: Captured | G3: 55 | I3: U002 | J3: Card
A4: T003 | B4: 46082 | C4: BETA STORES | D4: 510000 | E4: INR | F4: CAPTURED | G4: 71 | H4: APAC | I4: U003 | J4: NetBanking
A5: T004 | B5: 46083 | C5: Beta Stores | D5: 160000 | E5: INR | F5: failed e05 timeout | G5: 68 | H5: apac | I5: U004 | J5: Card
A6: T005 | B6: 46083 | C6: Alpha Mart | D6: 390000 | E6: INR | F6: CAPTURED | G6: 58 | I6: U001 | J6: UPI
A7: T006 | B7: 46083 | C7: Beta Stores | D7: 275000 | E7: INR | F7: Captured | G7: score:64 | I7: U005 | J7: Wallet
A8: T007 | B8: 46083 | C8: Alpha Mart | D8: 450000 | E8: INR | F8: chargeback | G8: risk-83 | H8: APAC | I8: U006 | J8: Card
A9: T008 | B9: 46084 | C9: BETA STORES | D9: 340000 | E9: INR | F9: Captured | G9: 59 | I9: U007 | J9: UPI
A10: T009 | B10: 46084 | C10: Alpha Mart | D10: 125000 | E10: INR | F10: captured | G10: 46 | H10: APAC | I10: U002 | J10: Wallet
A11: T010 | B11: 46084 | C11: Beta Stores | D11: 610000 | E11: INR | F11: captured | G11: risk-77 | I11: U003 | J11: Card
A12: T011 | B12: 46084 | C12: Alpha Mart | D12: 195000 | E12: INR | F12: FAILED e05 TIMEOUT | I12: U008 | J12: UPI
A13: T012 | B13: 46085 | C13: Beta Stores | D13: 250000 | E13: INR | F13: captured | G13: risk-61 | H13: APAC | I13: U009 | J13: Card
A14: T013 | B14: 46085 | C14: alpha mart | D14: 310000 | E14: INR | F14: captured | G14: score:54 | H14: APAC | I14: U010 | J14: UPI
A15: T014 | B15: 46085 | C15: Beta Stores | D15: 470000 | E15: INR | F15: captured | G15: risk-73 | H15: APAC | I15: U001 | J15: NetBanking
A16: T015 | B16: 46085 | C16: Alpha Mart | D16: 130000 | E16: INR | F16: captured | G16: score:52 | I16: U002 | J16: Card
A17: T016 | B17: 46086 | C17: Beta Stores | D17: 220000 | E17: INR | F17: failed E05 timeout | G17: risk-69 | I17: U008 | J17: Card
A18: T017 | B18: 46086 | C18: Beta Stores | D18: 180000 | E18: INR | F18: Failed E05 Timeout | G18: score:72 | H18: apac | I18: U008 | J18: Card
A19: T018 | B19: 46086 | C19: BETA STORES | D19: 145000 | E19: INR | F19: chargeback | G19: risk-86 | H19: APAC | I19: U008 | J19: UPI
A20: T019 | B20: 46086 | C20: Alpha Mart | D20: 260000 | E20: INR | F20: Failed E05 Timeout | G20: score:67 | H20: apac | I20: U008 | J20: Wallet
A21: T020 | B21: 46086 | C21: Alpha Mart | D21: 520000 | E21: INR | F21: Captured | G21: 75 | H21: APAC | I21: U005 | J21: UPI
A22: T021 | B22: 46087 | C22: beta stores | D22: 330000 | E22: INR | F22: captured | G22: score:63 | I22: U006 | J22: Card
A23: T022 | B23: 46087 | C23: ALPHA MART | D23: 410000 | E23: INR | F23: captured | G23: 60 | H23: APAC | I23: U007 | J23: UPI
A24: T023 | B24: 46082 | C24: City Pharma | D24: 5200 | E24: EUR | F24: Captured | G24: 42 | H24: EU | I24: U003 | J24: Card
A25: T024 | B25: 46083 | C25: Eco Home | D25: 6100 | E25: EUR | F25: chargeback | G25: score:65 | H25: EU | I25: U004 | J25: Card
A26: T025 | B26: 46084 | C26: City Pharma | D26: 2800 | E26: EUR | F26: captured | G26: 38 | H26: eu | I26: U005 | J26: Wallet
A27: T026 | B27: 46086 | C27: Eco Home | D27: 3300 | E27: EUR | F27: Failed E05 Timeout | G27: 44 | H27: EU | I27: U006 | J27: NetBanking
A28: T027 | B28: 46082 | C28: DELTA TRAVELS | D28: 7200 | E28: USD | F28: captured | G28: 49 | H28: us | I28: U007 | J28: Card
A29: T028 | B29: 46083 | C29: Delta Travels | D29: 3100 | E29: USD | F29: CAPTURED | G29: risk-41 | H29: US | I29: U008 | J29: Card
A30: T029 | B30: 46085 | C30: delta travels | D30: 2500 | E30: USD | F30: chargeback | G30: score:58 | H30: US | I30: U009 | J30: Wallet
A31: T030 | B31: 46087 | C31: DELTA TRAVELS | D31: 1800 | E31: USD | F31: Failed E05 Timeout | G31: score:47 | H31: US | I31: U010 | J31: UPI

Sheet cleaned_transactions_calculatio
A1: transaction_id | B1: transaction_date | C1: merchant_name_clean | D1: merchant_name | E1: raw_amount | F1: currency | G1: status_cleaned | H1: status | I1: risk_score_cleaned | J1: risk_score | K1: gateway_region_clean | L1: gateway_region | M1: user_id | N1: payment_method | O1: lookup_key | P1: exchange_rate | Q1: amount_usd | R1: high_value_flag | S1: high_risk_flag
A2: T001 | B2: 46082 | C2: =PROPER(TRIM(CLEAN(transactions_raw3[[#This Row],[merchant_name]]))) -> Alpha Mart | D2: alpha mart | E2: 420000 | F2: INR | G2: =IF(ISNUMBER(SEARCH("captured",H2)),"captured", IF(ISNUMBER(SEARCH("fail",H2)),"failed", IF(ISNUMBER(SEARCH("chargeback",H2)),"chargeback","unknown"))) -> captured | H2: captured | I2: {=IF(TRIM(J2)="","", IFERROR( VALUE(_xlfn.TEXTJOIN("",TRUE, IF(ISNUMBER(MID(J2,ROW(INDIRECT("1:50")),1)*1), MID(J2,ROW(INDIRECT("1:50")),1),""))), "" ))} -> 62 | J2: score:62 | K2: =IF(TRIM(L2)="","UNKNOWN",UPPER(TRIM(L2))) -> APAC | L2: APAC | M2: U001 | N2: UPI | O2: =TEXT(B2,"yyyy-mm-dd") & "_" & TRIM(F2) -> 2026-03-01_INR | P2: =_xlfn.XLOOKUP(TRIM(O2), exchange_rates!D:D, exchange_rates!C:C) -> 0.0119 | Q2: =E2 * P2 -> 4998 | R2: =IF(AND(K2="APAC",Q2>5000),1, IF(AND(K2="EU",Q2>6000),1, IF(AND(K2="US",Q2>7000),1,0))) -> 0 | S2: =IF(OR(I1>=70,G1="chargeback"),1,0) -> 1
A3: T002 | B3: 46082 | C3: =PROPER(TRIM(CLEAN(transactions_raw3[[#This Row],[merchant_name]]))) -> Alpha Mart | D3: ALPHA MART | E3: 210000 | F3: INR | G3: =IF(ISNUMBER(SEARCH("captured",H3)),"captured", IF(ISNUMBER(SEARCH("fail",H3)),"failed", IF(ISNUMBER(SEARCH("chargeback",H3)),"chargeback","unknown"))) -> captured | H3: Captured | I3: {=VALUE(_xlfn.TEXTJOIN("",TRUE,IF(ISNUMBER(MID(J3,ROW(INDIRECT("1:50")),1)*1), MID(J3,ROW(INDIRECT("1:50")),1),"")))} -> 55 | J3: 55 | K3: =IF(TRIM(L3)="","UNKNOWN",UPPER(TRIM(L3))) -> UNKNOWN | M3: U002 | N3: Card | O3: =TEXT(B3,"yyyy-mm-dd") & "_" & TRIM(F3) -> 2026-03-01_INR | P3: =_xlfn.XLOOKUP(TRIM(O3), exchange_rates!D:D, exchange_rates!C:C) -> 0.0119 | Q3: =E3 * P3 -> 2499 | R3: =IF(AND(K3="APAC",Q3>5000),1, IF(AND(K3="EU",Q3>6000),1, IF(AND(K3="US",Q3>7000),1,0))) -> 0 | S3: =IF(OR(I2>=70,G2="chargeback"),1,0) -> 0
A4: T003 | B4: 46082 | C4: =PROPER(TRIM(CLEAN(transactions_raw3[[#This Row],[merchant_name]]))) -> Beta Stores | D4: BETA STORES | E4: 510000 | F4: INR | G4: =IF(ISNUMBER(SEARCH("captured",H4)),"captured", IF(ISNUMBER(SEARCH("fail",H4)),"failed", IF(ISNUMBER(SEARCH("chargeback",H4)),"chargeback","unknown"))) -> captured | H4: CAPTURED | I4: {=VALUE(_xlfn.TEXTJOIN("",TRUE,IF(ISNUMBER(MID(J4,ROW(INDIRECT("1:50")),1)*1), MID(J4,ROW(INDIRECT("1:50")),1),"")))} -> 71 | J4: 71 | K4: =IF(TRIM(L4)="","UNKNOWN",UPPER(TRIM(L4))) -> APAC | L4: APAC | M4: U003 | N4: NetBanking | O4: =TEXT(B4,"yyyy-mm-dd") & "_" & TRIM(F4) -> 2026-03-01_INR | P4: =_xlfn.XLOOKUP(TRIM(O4), exchange_rates!D:D, exchange_rates!C:C) -> 0.0119 | Q4: =E4 * P4 -> 6069 | R4: =IF(AND(K4="APAC",Q4>5000),1, IF(AND(K4="EU",Q4>6000),1, IF(AND(K4="US",Q4>7000),1,0))) -> 1 | S4: =IF(OR(I3>=70,G3="chargeback"),1,0) -> 0
A5: T004 | B5: 46083 | C5: =PROPER(TRIM(CLEAN(transactions_raw3[[#This Row],[merchant_name]]))) -> Beta Stores | D5: Beta Stores | E5: 160000 | F5: INR | G5: =IF(ISNUMBER(SEARCH("captured",H5)),"captured", IF(ISNUMBER(SEARCH("fail",H5)),"failed", IF(ISNUMBER(SEARCH("chargeback",H5)),"chargeback","unknown"))) -> failed | H5: failed e05 timeout | I5: {=VALUE(_xlfn.TEXTJOIN("",TRUE,IF(ISNUMBER(MID(J5,ROW(INDIRECT("1:50")),1)*1), MID(J5,ROW(INDIRECT("1:50")),1),"")))} -> 68 | J5: 68 | K5: =IF(TRIM(L5)="","UNKNOWN",UPPER(TRIM(L5))) -> APAC | L5: apac | M5: U004 | N5: Card | O5: =TEXT(B5,"yyyy-mm-dd") & "_" & TRIM(F5) -> 2026-03-02_INR | P5: =_xlfn.XLOOKUP(TRIM(O5), exchange_rates!D:D, exchange_rates!C:C) -> 0.012 | Q5: =E5 * P5 -> 1920 | R5: =IF(AND(K5="APAC",Q5>5000),1, IF(AND(K5="EU",Q5>6000),1, IF(AND(K5="US",Q5>7000),1,0))) -> 0 | S5: =IF(OR(I4>=70,G4="chargeback"),1,0) -> 1
A6: T005 | B6: 46083 | C6: =PROPER(TRIM(CLEAN(transactions_raw3[[#This Row],[merchant_name]]))) -> Alpha Mart | D6: Alpha Mart | E6: 390000 | F6: INR | G6: =IF(ISNUMBER(SEARCH("captured",H6)),"captured", IF(ISNUMBER(SEARCH("fail",H6)),"failed", IF(ISNUMBER(SEARCH("chargeback",H6)),"chargeback","unknown"))) -> captured | H6: CAPTURED | I6: {=VALUE(_xlfn.TEXTJOIN("",TRUE,IF(ISNUMBER(MID(J6,ROW(INDIRECT("1:50")),1)*1), MID(J6,ROW(INDIRECT("1:50")),1),"")))} -> 58 | J6: 58 | K6: =IF(TRIM(L6)="","UNKNOWN",UPPER(TRIM(L6))) -> UNKNOWN | M6: U001 | N6: UPI | O6: =TEXT(B6,"yyyy-mm-dd") & "_" & TRIM(F6) -> 2026-03-02_INR | P6: =_xlfn.XLOOKUP(TRIM(O6), exchange_rates!D:D, exchange_rates!C:C) -> 0.012 | Q6: =E6 * P6 -> 4680 | R6: =IF(AND(K6="APAC",Q6>5000),1, IF(AND(K6="EU",Q6>6000),1, IF(AND(K6="US",Q6>7000),1,0))) -> 0 | S6: =IF(OR(I5>=70,G5="chargeback"),1,0) -> 0
A7: T006 | B7: 46083 | C7: =PROPER(TRIM(CLEAN(transactions_raw3[[#This Row],[merchant_name]]))) -> Beta Stores | D7: Beta Stores | E7: 275000 | F7: INR | G7: =IF(ISNUMBER(SEARCH("captured",H7)),"captured", IF(ISNUMBER(SEARCH("fail",H7)),"failed", IF(ISNUMBER(SEARCH("chargeback",H7)),"chargeback","unknown"))) -> captured | H7: Captured | I7: {=VALUE(_xlfn.TEXTJOIN("",TRUE,IF(ISNUMBER(MID(J7,ROW(INDIRECT("1:50")),1)*1), MID(J7,ROW(INDIRECT("1:50")),1),"")))} -> 64 | J7: score:64 | K7: =IF(TRIM(L7)="","UNKNOWN",UPPER(TRIM(L7))) -> UNKNOWN | M7: U005 | N7: Wallet | O7: =TEXT(B7,"yyyy-mm-dd") & "_" & TRIM(F7) -> 2026-03-02_INR | P7: =_xlfn.XLOOKUP(TRIM(O7), exchange_rates!D:D, exchange_rates!C:C) -> 0.012 | Q7: =E7 * P7 -> 3300 | R7: =IF(AND(K7="APAC",Q7>5000),1, IF(AND(K7="EU",Q7>6000),1, IF(AND(K7="US",Q7>7000),1,0))) -> 0 | S7: =IF(OR(I6>=70,G6="chargeback"),1,0) -> 0
A8: T007 | B8: 46083 | C8: =PROPER(TRIM(CLEAN(transactions_raw3[[#This Row],[merchant_name]]))) -> Alpha Mart | D8: Alpha Mart | E8: 450000 | F8: INR | G8: =IF(ISNUMBER(SEARCH("captured",H8)),"captured", IF(ISNUMBER(SEARCH("fail",H8)),"failed", IF(ISNUMBER(SEARCH("chargeback",H8)),"chargeback","unknown"))) -> chargeback | H8: chargeback | I8: {=VALUE(_xlfn.TEXTJOIN("",TRUE,IF(ISNUMBER(MID(J8,ROW(INDIRECT("1:50")),1)*1), MID(J8,ROW(INDIRECT("1:50")),1),"")))} -> 83 | J8: risk-83 | K8: =IF(TRIM(L8)="","UNKNOWN",UPPER(TRIM(L8))) -> APAC | L8: APAC | M8: U006 | N8: Card | O8: =TEXT(B8,"yyyy-mm-dd") & "_" & TRIM(F8) -> 2026-03-02_INR | P8: =_xlfn.XLOOKUP(TRIM(O8), exchange_rates!D:D, exchange_rates!C:C) -> 0.012 | Q8: =E8 * P8 -> 5400 | R8: =IF(AND(K8="APAC",Q8>5000),1, IF(AND(K8="EU",Q8>6000),1, IF(AND(K8="US",Q8>7000),1,0))) -> 1 | S8: =IF(OR(I7>=70,G7="chargeback"),1,0) -> 0
A9: T008 | B9: 46084 | C9: =PROPER(TRIM(CLEAN(transactions_raw3[[#This Row],[merchant_name]]))) -> Beta Stores | D9: BETA STORES | E9: 340000 | F9: INR | G9: =IF(ISNUMBER(SEARCH("captured",H9)),"captured", IF(ISNUMBER(SEARCH("fail",H9)),"failed", IF(ISNUMBER(SEARCH("chargeback",H9)),"chargeback","unknown"))) -> captured | H9: Captured | I9: {=VALUE(_xlfn.TEXTJOIN("",TRUE,IF(ISNUMBER(MID(J9,ROW(INDIRECT("1:50")),1)*1), MID(J9,ROW(INDIRECT("1:50")),1),"")))} -> 59 | J9: 59 | K9: =IF(TRIM(L9)="","UNKNOWN",UPPER(TRIM(L9))) -> UNKNOWN | M9: U007 | N9: UPI | O9: =TEXT(B9,"yyyy-mm-dd") & "_" & TRIM(F9) -> 2026-03-03_INR | P9: =_xlfn.XLOOKUP(TRIM(O9), exchange_rates!D:D, exchange_rates!C:C) -> 0.0121 | Q9: =E9 * P9 -> 4114 | R9: =IF(AND(K9="APAC",Q9>5000),1, IF(AND(K9="EU",Q9>6000),1, IF(AND(K9="US",Q9>7000),1,0))) -> 0 | S9: =IF(OR(I8>=70,G8="chargeback"),1,0) -> 1
A10: T009 | B10: 46084 | C10: =PROPER(TRIM(CLEAN(transactions_raw3[[#This Row],[merchant_name]]))) -> Alpha Mart | D10: Alpha Mart | E10: 125000 | F10: INR | G10: =IF(ISNUMBER(SEARCH("captured",H10)),"captured", IF(ISNUMBER(SEARCH("fail",H10)),"failed", IF(ISNUMBER(SEARCH("chargeback",H10)),"chargeback","unknown"))) -> captured | H10: captured | I10: {=VALUE(_xlfn.TEXTJOIN("",TRUE,IF(ISNUMBER(MID(J10,ROW(INDIRECT("1:50")),1)*1), MID(J10,ROW(INDIRECT("1:50")),1),"")))} -> 46 | J10: 46 | K10: =IF(TRIM(L10)="","UNKNOWN",UPPER(TRIM(L10))) -> APAC | L10: APAC | M10: U002 | N10: Wallet | O10: =TEXT(B10,"yyyy-mm-dd") & "_" & TRIM(F10) -> 2026-03-03_INR | P10: =_xlfn.XLOOKUP(TRIM(O10), exchange_rates!D:D, exchange_rates!C:C) -> 0.0121 | Q10: =E10 * P10 -> 1512.5 | R10: =IF(AND(K10="APAC",Q10>5000),1, IF(AND(K10="EU",Q10>6000),1, IF(AND(K10="US",Q10>7000),1,0))) -> 0 | S10: =IF(OR(I9>=70,G9="chargeback"),1,0) -> 0
A11: T010 | B11: 46084 | C11: =PROPER(TRIM(CLEAN(transactions_raw3[[#This Row],[merchant_name]]))) -> Beta Stores | D11: Beta Stores | E11: 610000 | F11: INR | G11: =IF(ISNUMBER(SEARCH("captured",H11)),"captured", IF(ISNUMBER(SEARCH("fail",H11)),"failed", IF(ISNUMBER(SEARCH("chargeback",H11)),"chargeback","unknown"))) -> captured | H11: captured | I11: {=VALUE(_xlfn.TEXTJOIN("",TRUE,IF(ISNUMBER(MID(J11,ROW(INDIRECT("1:50")),1)*1), MID(J11,ROW(INDIRECT("1:50")),1),"")))} -> 77 | J11: risk-77 | K11: =IF(TRIM(L11)="","UNKNOWN",UPPER(TRIM(L11))) -> UNKNOWN | M11: U003 | N11: Card | O11: =TEXT(B11,"yyyy-mm-dd") & "_" & TRIM(F11) -> 2026-03-03_INR | P11: =_xlfn.XLOOKUP(TRIM(O11), exchange_rates!D:D, exchange_rates!C:C) -> 0.0121 | Q11: =E11 * P11 -> 7381 | R11: =IF(AND(K11="APAC",Q11>5000),1, IF(AND(K11="EU",Q11>6000),1, IF(AND(K11="US",Q11>7000),1,0))) -> 0 | S11: =IF(OR(I10>=70,G10="chargeback"),1,0) -> 0
A12: T011 | B12: 46084 | C12: =PROPER(TRIM(CLEAN(transactions_raw3[[#This Row],[merchant_name]]))) -> Alpha Mart | D12: Alpha Mart | E12: 195000 | F12: INR | G12: =IF(ISNUMBER(SEARCH("captured",H12)),"captured", IF(ISNUMBER(SEARCH("fail",H12)),"failed", IF(ISNUMBER(SEARCH("chargeback",H12)),"chargeback","unknown"))) -> failed | H12: FAILED e05 TIMEOUT | I12: {=IFERROR(your_formula,0)} -> 0 | K12: =IF(TRIM(L12)="","UNKNOWN",UPPER(TRIM(L12))) -> UNKNOWN | M12: U008 | N12: UPI | O12: =TEXT(B12,"yyyy-mm-dd") & "_" & TRIM(F12) -> 2026-03-03_INR | P12: =_xlfn.XLOOKUP(TRIM(O12), exchange_rates!D:D, exchange_rates!C:C) -> 0.0121 | Q12: =E12 * P12 -> 2359.5 | R12: =IF(AND(K12="APAC",Q12>5000),1, IF(AND(K12="EU",Q12>6000),1, IF(AND(K12="US",Q12>7000),1,0))) -> 0 | S12: =IF(OR(I11>=70,G11="chargeback"),1,0) -> 1
A13: T012 | B13: 46085 | C13: =PROPER(TRIM(CLEAN(transactions_raw3[[#This Row],[merchant_name]]))) -> Beta Stores | D13: Beta Stores | E13: 250000 | F13: INR | G13: =IF(ISNUMBER(SEARCH("captured",H13)),"captured", IF(ISNUMBER(SEARCH("fail",H13)),"failed", IF(ISNUMBER(SEARCH("chargeback",H13)),"chargeback","unknown"))) -> captured | H13: captured | I13: {=VALUE(_xlfn.TEXTJOIN("",TRUE,IF(ISNUMBER(MID(J13,ROW(INDIRECT("1:50")),1)*1), MID(J13,ROW(INDIRECT("1:50")),1),"")))} -> 61 | J13: risk-61 | K13: =IF(TRIM(L13)="","UNKNOWN",UPPER(TRIM(L13))) -> APAC | L13: APAC | M13: U009 | N13: Card | O13: =TEXT(B13,"yyyy-mm-dd") & "_" & TRIM(F13) -> 2026-03-04_INR | P13: =_xlfn.XLOOKUP(TRIM(O13), exchange_rates!D:D, exchange_rates!C:C) -> 0.012 | Q13: =E13 * P13 -> 3000 | R13: =IF(AND(K13="APAC",Q13>5000),1, IF(AND(K13="EU",Q13>6000),1, IF(AND(K13="US",Q13>7000),1,0))) -> 0 | S13: =IF(OR(I12>=70,G12="chargeback"),1,0) -> 0
A14: T013 | B14: 46085 | C14: =PROPER(TRIM(CLEAN(transactions_raw3[[#This Row],[merchant_name]]))) -> Alpha Mart | D14: alpha mart | E14: 310000 | F14: INR | G14: =IF(ISNUMBER(SEARCH("captured",H14)),"captured", IF(ISNUMBER(SEARCH("fail",H14)),"failed", IF(ISNUMBER(SEARCH("chargeback",H14)),"chargeback","unknown"))) -> captured | H14: captured | I14: {=VALUE(_xlfn.TEXTJOIN("",TRUE,IF(ISNUMBER(MID(J14,ROW(INDIRECT("1:50")),1)*1), MID(J14,ROW(INDIRECT("1:50")),1),"")))} -> 54 | J14: score:54 | K14: =IF(TRIM(L14)="","UNKNOWN",UPPER(TRIM(L14))) -> APAC | L14: APAC | M14: U010 | N14: UPI | O14: =TEXT(B14,"yyyy-mm-dd") & "_" & TRIM(F14) -> 2026-03-04_INR | P14: =_xlfn.XLOOKUP(TRIM(O14), exchange_rates!D:D, exchange_rates!C:C) -> 0.012 | Q14: =E14 * P14 -> 3720 | R14: =IF(AND(K14="APAC",Q14>5000),1, IF(AND(K14="EU",Q14>6000),1, IF(AND(K14="US",Q14>7000),1,0))) -> 0 | S14: =IF(OR(I13>=70,G13="chargeback"),1,0) -> 0
A15: T014 | B15: 46085 | C15: =PROPER(TRIM(CLEAN(transactions_raw3[[#This Row],[merchant_name]]))) -> Beta Stores | D15: Beta Stores | E15: 470000 | F15: INR | G15: =IF(ISNUMBER(SEARCH("captured",H15)),"captured", IF(ISNUMBER(SEARCH("fail",H15)),"failed", IF(ISNUMBER(SEARCH("chargeback",H15)),"chargeback","unknown"))) -> captured | H15: captured | I15: {=VALUE(_xlfn.TEXTJOIN("",TRUE,IF(ISNUMBER(MID(J15,ROW(INDIRECT("1:50")),1)*1), MID(J15,ROW(INDIRECT("1:50")),1),"")))} -> 73 | J15: risk-73 | K15: =IF(TRIM(L15)="","UNKNOWN",UPPER(TRIM(L15))) -> APAC | L15: APAC | M15: U001 | N15: NetBanking | O15: =TEXT(B15,"yyyy-mm-dd") & "_" & TRIM(F15) -> 2026-03-04_INR | P15: =_xlfn.XLOOKUP(TRIM(O15), exchange_rates!D:D, exchange_rates!C:C) -> 0.012 | Q15: =E15 * P15 -> 5640 | R15: =IF(AND(K15="APAC",Q15>5000),1, IF(AND(K15="EU",Q15>6000),1, IF(AND(K15="US",Q15>7000),1,0))) -> 1 | S15: =IF(OR(I14>=70,G14="chargeback"),1,0) -> 0
A16: T015 | B16: 46085 | C16: =PROPER(TRIM(CLEAN(transactions_raw3[[#This Row],[merchant_name]]))) -> Alpha Mart | D16: Alpha Mart | E16: 130000 | F16: INR | G16: =IF(ISNUMBER(SEARCH("captured",H16)),"captured", IF(ISNUMBER(SEARCH("fail",H16)),"failed", IF(ISNUMBER(SEARCH("chargeback",H16)),"chargeback","unknown"))) -> captured | H16: captured | I16: {=VALUE(_xlfn.TEXTJOIN("",TRUE,IF(ISNUMBER(MID(J16,ROW(INDIRECT("1:50")),1)*1), MID(J16,ROW(INDIRECT("1:50")),1),"")))} -> 52 | J16: score:52 | K16: =IF(TRIM(L16)="","UNKNOWN",UPPER(TRIM(L16))) -> UNKNOWN | M16: U002 | N16: Card | O16: =TEXT(B16,"yyyy-mm-dd") & "_" & TRIM(F16) -> 2026-03-04_INR | P16: =_xlfn.XLOOKUP(TRIM(O16), exchange_rates!D:D, exchange_rates!C:C) -> 0.012 | Q16: =E16 * P16 -> 1560 | R16: =IF(AND(K16="APAC",Q16>5000),1, IF(AND(K16="EU",Q16>6000),1, IF(AND(K16="US",Q16>7000),1,0))) -> 0 | S16: =IF(OR(I15>=70,G15="chargeback"),1,0) -> 1
A17: T016 | B17: 46086 | C17: =PROPER(TRIM(CLEAN(transactions_raw3[[#This Row],[merchant_name]]))) -> Beta Stores | D17: Beta Stores | E17: 220000 | F17: INR | G17: =IF(ISNUMBER(SEARCH("captured",H17)),"captured", IF(ISNUMBER(SEARCH("fail",H17)),"failed", IF(ISNUMBER(SEARCH("chargeback",H17)),"chargeback","unknown"))) -> failed | H17: failed E05 timeout | I17: {=VALUE(_xlfn.TEXTJOIN("",TRUE,IF(ISNUMBER(MID(J17,ROW(INDIRECT("1:50")),1)*1), MID(J17,ROW(INDIRECT("1:50")),1),"")))} -> 69 | J17: risk-69 | K17: =IF(TRIM(L17)="","UNKNOWN",UPPER(TRIM(L17))) -> UNKNOWN | M17: U008 | N17: Card | O17: =TEXT(B17,"yyyy-mm-dd") & "_" & TRIM(F17) -> 2026-03-05_INR | P17: =_xlfn.XLOOKUP(TRIM(O17), exchange_rates!D:D, exchange_rates!C:C) -> 0.0118 | Q17: =E17 * P17 -> 2596 | R17: =IF(AND(K17="APAC",Q17>5000),1, IF(AND(K17="EU",Q17>6000),1, IF(AND(K17="US",Q17>7000),1,0))) -> 0 | S17: =IF(OR(I16>=70,G16="chargeback"),1,0) -> 0
A18: T017 | B18: 46086 | C18: =PROPER(TRIM(CLEAN(transactions_raw3[[#This Row],[merchant_name]]))) -> Beta Stores | D18: Beta Stores | E18: 180000 | F18: INR | G18: =IF(ISNUMBER(SEARCH("captured",H18)),"captured", IF(ISNUMBER(SEARCH("fail",H18)),"failed", IF(ISNUMBER(SEARCH("chargeback",H18)),"chargeback","unknown"))) -> failed | H18: Failed E05 Timeout | I18: {=VALUE(_xlfn.TEXTJOIN("",TRUE,IF(ISNUMBER(MID(J18,ROW(INDIRECT("1:50")),1)*1), MID(J18,ROW(INDIRECT("1:50")),1),"")))} -> 72 | J18: score:72 | K18: =IF(TRIM(L18)="","UNKNOWN",UPPER(TRIM(L18))) -> APAC | L18: apac | M18: U008 | N18: Card | O18: =TEXT(B18,"yyyy-mm-dd") & "_" & TRIM(F18) -> 2026-03-05_INR | P18: =_xlfn.XLOOKUP(TRIM(O18), exchange_rates!D:D, exchange_rates!C:C) -> 0.0118 | Q18: =E18 * P18 -> 2124 | R18: =IF(AND(K18="APAC",Q18>5000),1, IF(AND(K18="EU",Q18>6000),1, IF(AND(K18="US",Q18>7000),1,0))) -> 0 | S18: =IF(OR(I17>=70,G17="chargeback"),1,0) -> 0
A19: T018 | B19: 46086 | C19: =PROPER(TRIM(CLEAN(transactions_raw3[[#This Row],[merchant_name]]))) -> Beta Stores | D19: BETA STORES | E19: 145000 | F19: INR | G19: =IF(ISNUMBER(SEARCH("captured",H19)),"captured", IF(ISNUMBER(SEARCH("fail",H19)),"failed", IF(ISNUMBER(SEARCH("chargeback",H19)),"chargeback","unknown"))) -> chargeback | H19: chargeback | I19: {=VALUE(_xlfn.TEXTJOIN("",TRUE,IF(ISNUMBER(MID(J19,ROW(INDIRECT("1:50")),1)*1), MID(J19,ROW(INDIRECT("1:50")),1),"")))} -> 86 | J19: risk-86 | K19: =IF(TRIM(L19)="","UNKNOWN",UPPER(TRIM(L19))) -> APAC | L19: APAC | M19: U008 | N19: UPI | O19: =TEXT(B19,"yyyy-mm-dd") & "_" & TRIM(F19) -> 2026-03-05_INR | P19: =_xlfn.XLOOKUP(TRIM(O19), exchange_rates!D:D, exchange_rates!C:C) -> 0.0118 | Q19: =E19 * P19 -> 1711 | R19: =IF(AND(K19="APAC",Q19>5000),1, IF(AND(K19="EU",Q19>6000),1, IF(AND(K19="US",Q19>7000),1,0))) -> 0 | S19: =IF(OR(I18>=70,G18="chargeback"),1,0) -> 1
A20: T019 | B20: 46086 | C20: =PROPER(TRIM(CLEAN(transactions_raw3[[#This Row],[merchant_name]]))) -> Alpha Mart | D20: Alpha Mart | E20: 260000 | F20: INR | G20: =IF(ISNUMBER(SEARCH("captured",H20)),"captured", IF(ISNUMBER(SEARCH("fail",H20)),"failed", IF(ISNUMBER(SEARCH("chargeback",H20)),"chargeback","unknown"))) -> failed | H20: Failed E05 Timeout | I20: {=VALUE(_xlfn.TEXTJOIN("",TRUE,IF(ISNUMBER(MID(J20,ROW(INDIRECT("1:50")),1)*1), MID(J20,ROW(INDIRECT("1:50")),1),"")))} -> 67 | J20: score:67 | K20: =IF(TRIM(L20)="","UNKNOWN",UPPER(TRIM(L20))) -> APAC | L20: apac | M20: U008 | N20: Wallet | O20: =TEXT(B20,"yyyy-mm-dd") & "_" & TRIM(F20) -> 2026-03-05_INR | P20: =_xlfn.XLOOKUP(TRIM(O20), exchange_rates!D:D, exchange_rates!C:C) -> 0.0118 | Q20: =E20 * P20 -> 3068 | R20: =IF(AND(K20="APAC",Q20>5000),1, IF(AND(K20="EU",Q20>6000),1, IF(AND(K20="US",Q20>7000),1,0))) -> 0 | S20: =IF(OR(I19>=70,G19="chargeback"),1,0) -> 1
A21: T020 | B21: 46086 | C21: =PROPER(TRIM(CLEAN(transactions_raw3[[#This Row],[merchant_name]]))) -> Alpha Mart | D21: Alpha Mart | E21: 520000 | F21: INR | G21: =IF(ISNUMBER(SEARCH("captured",H21)),"captured", IF(ISNUMBER(SEARCH("fail",H21)),"failed", IF(ISNUMBER(SEARCH("chargeback",H21)),"chargeback","unknown"))) -> captured | H21: Captured | I21: {=VALUE(_xlfn.TEXTJOIN("",TRUE,IF(ISNUMBER(MID(J21,ROW(INDIRECT("1:50")),1)*1), MID(J21,ROW(INDIRECT("1:50")),1),"")))} -> 75 | J21: 75 | K21: =IF(TRIM(L21)="","UNKNOWN",UPPER(TRIM(L21))) -> APAC | L21: APAC | M21: U005 | N21: UPI | O21: =TEXT(B21,"yyyy-mm-dd") & "_" & TRIM(F21) -> 2026-03-05_INR | P21: =_xlfn.XLOOKUP(TRIM(O21), exchange_rates!D:D, exchange_rates!C:C) -> 0.0118 | Q21: =E21 * P21 -> 6136 | R21: =IF(AND(K21="APAC",Q21>5000),1, IF(AND(K21="EU",Q21>6000),1, IF(AND(K21="US",Q21>7000),1,0))) -> 1 | S21: =IF(OR(I20>=70,G20="chargeback"),1,0) -> 0
A22: T021 | B22: 46087 | C22: =PROPER(TRIM(CLEAN(transactions_raw3[[#This Row],[merchant_name]]))) -> Beta Stores | D22: beta stores | E22: 330000 | F22: INR | G22: =IF(ISNUMBER(SEARCH("captured",H22)),"captured", IF(ISNUMBER(SEARCH("fail",H22)),"failed", IF(ISNUMBER(SEARCH("chargeback",H22)),"chargeback","unknown"))) -> captured | H22: captured | I22: {=VALUE(_xlfn.TEXTJOIN("",TRUE,IF(ISNUMBER(MID(J22,ROW(INDIRECT("1:50")),1)*1), MID(J22,ROW(INDIRECT("1:50")),1),"")))} -> 63 | J22: score:63 | K22: =IF(TRIM(L22)="","UNKNOWN",UPPER(TRIM(L22))) -> UNKNOWN | M22: U006 | N22: Card | O22: =TEXT(B22,"yyyy-mm-dd") & "_" & TRIM(F22) -> 2026-03-06_INR | P22: =_xlfn.XLOOKUP(TRIM(O22), exchange_rates!D:D, exchange_rates!C:C) -> 0.0119 | Q22: =E22 * P22 -> 3927 | R22: =IF(AND(K22="APAC",Q22>5000),1, IF(AND(K22="EU",Q22>6000),1, IF(AND(K22="US",Q22>7000),1,0))) -> 0 | S22: =IF(OR(I21>=70,G21="chargeback"),1,0) -> 1
A23: T022 | B23: 46087 | C23: =PROPER(TRIM(CLEAN(transactions_raw3[[#This Row],[merchant_name]]))) -> Alpha Mart | D23: ALPHA MART | E23: 410000 | F23: INR | G23: =IF(ISNUMBER(SEARCH("captured",H23)),"captured", IF(ISNUMBER(SEARCH("fail",H23)),"failed", IF(ISNUMBER(SEARCH("chargeback",H23)),"chargeback","unknown"))) -> captured | H23: captured | I23: {=VALUE(_xlfn.TEXTJOIN("",TRUE,IF(ISNUMBER(MID(J23,ROW(INDIRECT("1:50")),1)*1), MID(J23,ROW(INDIRECT("1:50")),1),"")))} -> 60 | J23: 60 | K23: =IF(TRIM(L23)="","UNKNOWN",UPPER(TRIM(L23))) -> APAC | L23: APAC | M23: U007 | N23: UPI | O23: =TEXT(B23,"yyyy-mm-dd") & "_" & TRIM(F23) -> 2026-03-06_INR | P23: =_xlfn.XLOOKUP(TRIM(O23), exchange_rates!D:D, exchange_rates!C:C) -> 0.0119 | Q23: =E23 * P23 -> 4879 | R23: =IF(AND(K23="APAC",Q23>5000),1, IF(AND(K23="EU",Q23>6000),1, IF(AND(K23="US",Q23>7000),1,0))) -> 0 | S23: =IF(OR(I22>=70,G22="chargeback"),1,0) -> 0
A24: T023 | B24: 46082 | C24: =PROPER(TRIM(CLEAN(transactions_raw3[[#This Row],[merchant_name]]))) -> City Pharma | D24: City Pharma | E24: 5200 | F24: EUR | G24: =IF(ISNUMBER(SEARCH("captured",H24)),"captured", IF(ISNUMBER(SEARCH("fail",H24)),"failed", IF(ISNUMBER(SEARCH("chargeback",H24)),"chargeback","unknown"))) -> captured | H24: Captured | I24: {=VALUE(_xlfn.TEXTJOIN("",TRUE,IF(ISNUMBER(MID(J24,ROW(INDIRECT("1:50")),1)*1), MID(J24,ROW(INDIRECT("1:50")),1),"")))} -> 42 | J24: 42 | K24: =IF(TRIM(L24)="","UNKNOWN",UPPER(TRIM(L24))) -> EU | L24: EU | M24: U003 | N24: Card | O24: =TEXT(B24,"yyyy-mm-dd") & "_" & TRIM(F24) -> 2026-03-01_EUR | P24: =_xlfn.XLOOKUP(TRIM(O24), exchange_rates!D:D, exchange_rates!C:C) -> 1.08 | Q24: =E24 * P24 -> 5616 | R24: =IF(AND(K24="APAC",Q24>5000),1, IF(AND(K24="EU",Q24>6000),1, IF(AND(K24="US",Q24>7000),1,0))) -> 0 | S24: =IF(OR(I23>=70,G23="chargeback"),1,0) -> 0
A25: T024 | B25: 46083 | C25: =PROPER(TRIM(CLEAN(transactions_raw3[[#This Row],[merchant_name]]))) -> Eco Home | D25: Eco Home | E25: 6100 | F25: EUR | G25: =IF(ISNUMBER(SEARCH("captured",H25)),"captured", IF(ISNUMBER(SEARCH("fail",H25)),"failed", IF(ISNUMBER(SEARCH("chargeback",H25)),"chargeback","unknown"))) -> chargeback | H25: chargeback | I25: {=VALUE(_xlfn.TEXTJOIN("",TRUE,IF(ISNUMBER(MID(J25,ROW(INDIRECT("1:50")),1)*1), MID(J25,ROW(INDIRECT("1:50")),1),"")))} -> 65 | J25: score:65 | K25: =IF(TRIM(L25)="","UNKNOWN",UPPER(TRIM(L25))) -> EU | L25: EU | M25: U004 | N25: Card | O25: =TEXT(B25,"yyyy-mm-dd") & "_" & TRIM(F25) -> 2026-03-02_EUR | P25: =_xlfn.XLOOKUP(TRIM(O25), exchange_rates!D:D, exchange_rates!C:C) -> 1.09 | Q25: =E25 * P25 -> 6649 | R25: =IF(AND(K25="APAC",Q25>5000),1, IF(AND(K25="EU",Q25>6000),1, IF(AND(K25="US",Q25>7000),1,0))) -> 1 | S25: =IF(OR(I24>=70,G24="chargeback"),1,0) -> 0
A26: T025 | B26: 46084 | C26: =PROPER(TRIM(CLEAN(transactions_raw3[[#This Row],[merchant_name]]))) -> City Pharma | D26: City Pharma | E26: 2800 | F26: EUR | G26: =IF(ISNUMBER(SEARCH("captured",H26)),"captured", IF(ISNUMBER(SEARCH("fail",H26)),"failed", IF(ISNUMBER(SEARCH("chargeback",H26)),"chargeback","unknown"))) -> captured | H26: captured | I26: {=VALUE(_xlfn.TEXTJOIN("",TRUE,IF(ISNUMBER(MID(J26,ROW(INDIRECT("1:50")),1)*1), MID(J26,ROW(INDIRECT("1:50")),1),"")))} -> 38 | J26: 38 | K26: =IF(TRIM(L26)="","UNKNOWN",UPPER(TRIM(L26))) -> EU | L26: eu | M26: U005 | N26: Wallet | O26: =TEXT(B26,"yyyy-mm-dd") & "_" & TRIM(F26) -> 2026-03-03_EUR | P26: =_xlfn.XLOOKUP(TRIM(O26), exchange_rates!D:D, exchange_rates!C:C) -> 1.08 | Q26: =E26 * P26 -> 3024 | R26: =IF(AND(K26="APAC",Q26>5000),1, IF(AND(K26="EU",Q26>6000),1, IF(AND(K26="US",Q26>7000),1,0))) -> 0 | S26: =IF(OR(I25>=70,G25="chargeback"),1,0) -> 1
A27: T026 | B27: 46086 | C27: =PROPER(TRIM(CLEAN(transactions_raw3[[#This Row],[merchant_name]]))) -> Eco Home | D27: Eco Home | E27: 3300 | F27: EUR | G27: =IF(ISNUMBER(SEARCH("captured",H27)),"captured", IF(ISNUMBER(SEARCH("fail",H27)),"failed", IF(ISNUMBER(SEARCH("chargeback",H27)),"chargeback","unknown"))) -> failed | H27: Failed E05 Timeout | I27: {=VALUE(_xlfn.TEXTJOIN("",TRUE,IF(ISNUMBER(MID(J27,ROW(INDIRECT("1:50")),1)*1), MID(J27,ROW(INDIRECT("1:50")),1),"")))} -> 44 | J27: 44 | K27: =IF(TRIM(L27)="","UNKNOWN",UPPER(TRIM(L27))) -> EU | L27: EU | M27: U006 | N27: NetBanking | O27: =TEXT(B27,"yyyy-mm-dd") & "_" & TRIM(F27) -> 2026-03-05_EUR | P27: =_xlfn.XLOOKUP(TRIM(O27), exchange_rates!D:D, exchange_rates!C:C) -> 1.09 | Q27: =E27 * P27 -> 3597 | R27: =IF(AND(K27="APAC",Q27>5000),1, IF(AND(K27="EU",Q27>6000),1, IF(AND(K27="US",Q27>7000),1,0))) -> 0 | S27: =IF(OR(I26>=70,G26="chargeback"),1,0) -> 0
A28: T027 | B28: 46082 | C28: =PROPER(TRIM(CLEAN(transactions_raw3[[#This Row],[merchant_name]]))) -> Delta Travels | D28: DELTA TRAVELS | E28: 7200 | F28: USD | G28: =IF(ISNUMBER(SEARCH("captured",H28)),"captured", IF(ISNUMBER(SEARCH("fail",H28)),"failed", IF(ISNUMBER(SEARCH("chargeback",H28)),"chargeback","unknown"))) -> captured | H28: captured | I28: {=VALUE(_xlfn.TEXTJOIN("",TRUE,IF(ISNUMBER(MID(J28,ROW(INDIRECT("1:50")),1)*1), MID(J28,ROW(INDIRECT("1:50")),1),"")))} -> 49 | J28: 49 | K28: =IF(TRIM(L28)="","UNKNOWN",UPPER(TRIM(L28))) -> US | L28: us | M28: U007 | N28: Card | O28: =TEXT(B28,"yyyy-mm-dd") & "_" & TRIM(F28) -> 2026-03-01_USD | P28: =_xlfn.XLOOKUP(TRIM(O28), exchange_rates!D:D, exchange_rates!C:C) -> 1 | Q28: =E28 * P28 -> 7200 | R28: =IF(AND(K28="APAC",Q28>5000),1, IF(AND(K28="EU",Q28>6000),1, IF(AND(K28="US",Q28>7000),1,0))) -> 1 | S28: =IF(OR(I27>=70,G27="chargeback"),1,0) -> 0
A29: T028 | B29: 46083 | C29: =PROPER(TRIM(CLEAN(transactions_raw3[[#This Row],[merchant_name]]))) -> Delta Travels | D29: Delta Travels | E29: 3100 | F29: USD | G29: =IF(ISNUMBER(SEARCH("captured",H29)),"captured", IF(ISNUMBER(SEARCH("fail",H29)),"failed", IF(ISNUMBER(SEARCH("chargeback",H29)),"chargeback","unknown"))) -> captured | H29: CAPTURED | I29: {=VALUE(_xlfn.TEXTJOIN("",TRUE,IF(ISNUMBER(MID(J29,ROW(INDIRECT("1:50")),1)*1), MID(J29,ROW(INDIRECT("1:50")),1),"")))} -> 41 | J29: risk-41 | K29: =IF(TRIM(L29)="","UNKNOWN",UPPER(TRIM(L29))) -> US | L29: US | M29: U008 | N29: Card | O29: =TEXT(B29,"yyyy-mm-dd") & "_" & TRIM(F29) -> 2026-03-02_USD | P29: =_xlfn.XLOOKUP(TRIM(O29), exchange_rates!D:D, exchange_rates!C:C) -> 1 | Q29: =E29 * P29 -> 3100 | R29: =IF(AND(K29="APAC",Q29>5000),1, IF(AND(K29="EU",Q29>6000),1, IF(AND(K29="US",Q29>7000),1,0))) -> 0 | S29: =IF(OR(I28>=70,G28="chargeback"),1,0) -> 0
A30: T029 | B30: 46085 | C30: =PROPER(TRIM(CLEAN(transactions_raw3[[#This Row],[merchant_name]]))) -> Delta Travels | D30: delta travels | E30: 2500 | F30: USD | G30: =IF(ISNUMBER(SEARCH("captured",H30)),"captured", IF(ISNUMBER(SEARCH("fail",H30)),"failed", IF(ISNUMBER(SEARCH("chargeback",H30)),"chargeback","unknown"))) -> chargeback | H30: chargeback | I30: {=VALUE(_xlfn.TEXTJOIN("",TRUE,IF(ISNUMBER(MID(J30,ROW(INDIRECT("1:50")),1)*1), MID(J30,ROW(INDIRECT("1:50")),1),"")))} -> 58 | J30: score:58 | K30: =IF(TRIM(L30)="","UNKNOWN",UPPER(TRIM(L30))) -> US | L30: US | M30: U009 | N30: Wallet | O30: =TEXT(B30,"yyyy-mm-dd") & "_" & TRIM(F30) -> 2026-03-04_USD | P30: =_xlfn.XLOOKUP(TRIM(O30), exchange_rates!D:D, exchange_rates!C:C) -> 1 | Q30: =E30 * P30 -> 2500 | R30: =IF(AND(K30="APAC",Q30>5000),1, IF(AND(K30="EU",Q30>6000),1, IF(AND(K30="US",Q30>7000),1,0))) -> 0 | S30: =IF(OR(I29>=70,G29="chargeback"),1,0) -> 0
A31: T030 | B31: 46087 | C31: =PROPER(TRIM(CLEAN(transactions_raw3[[#This Row],[merchant_name]]))) -> Delta Travels | D31: DELTA TRAVELS | E31: 1800 | F31: USD | G31: =IF(ISNUMBER(SEARCH("captured",H31)),"captured", IF(ISNUMBER(SEARCH("fail",H31)),"failed", IF(ISNUMBER(SEARCH("chargeback",H31)),"chargeback","unknown"))) -> failed | H31: Failed E05 Timeout | I31: {=VALUE(_xlfn.TEXTJOIN("",TRUE,IF(ISNUMBER(MID(J31,ROW(INDIRECT("1:50")),1)*1), MID(J31,ROW(INDIRECT("1:50")),1),"")))} -> 47 | J31: score:47 | K31: =IF(TRIM(L31)="","UNKNOWN",UPPER(TRIM(L31))) -> US | L31: US | M31: U010 | N31: UPI | O31: =TEXT(B31,"yyyy-mm-dd") & "_" & TRIM(F31) -> 2026-03-06_USD | P31: =_xlfn.XLOOKUP(TRIM(O31), exchange_rates!D:D, exchange_rates!C:C) -> 1 | Q31: =E31 * P31 -> 1800 | R31: =IF(AND(K31="APAC",Q31>5000),1, IF(AND(K31="EU",Q31>6000),1, IF(AND(K31="US",Q31>7000),1,0))) -> 0 | S31: =IF(OR(I30>=70,G30="chargeback"),1,0) -> 1

Sheet merchant_risk_summary
A3: Row Labels | B3: total_transactions | C3: total_high_risk_transactions
A4: Alpha Mart | B4: 11 | C4: 2
A5: Beta Stores | B5: 11 | C5: 5
A6: City Pharma | B6: 2 | C6: 0
A7: Delta Travels | B7: 4 | C7: 1
A8: Eco Home | B8: 2 | C8: 1
A9: Grand Total | B9: 30 | C9: 9

Sheet cleaned_transactions
A1: transaction_id | B1: transaction_date | C1: merchant_name | D1: currency | E1: status | F1: risk_score | G1: gateway_region | H1: user_id | I1: payment_method | J1: amount_usd | K1: high_value_flag | L1: high_risk_flag
A2: T001 | B2: 46082 | C2: Alpha Mart | D2: INR | E2: captured | F2: 62 | G2: APAC | H2: U001 | I2: UPI | J2: 4998 | K2: 0 | L2: =IF(OR(F2>=70,E2="chargeback"),1,0) -> 0
A3: T002 | B3: 46082 | C3: Alpha Mart | D3: INR | E3: captured | F3: 55 | G3: UNKNOWN | H3: U002 | I3: Card | J3: 2499 | K3: 0 | L3: =IF(OR(F3>=70,E3="chargeback"),1,0) -> 0
A4: T003 | B4: 46082 | C4: Beta Stores | D4: INR | E4: captured | F4: 71 | G4: APAC | H4: U003 | I4: NetBanking | J4: 6069 | K4: 1 | L4: =IF(OR(F4>=70,E4="chargeback"),1,0) -> 1
A5: T004 | B5: 46083 | C5: Beta Stores | D5: INR | E5: failed | F5: 68 | G5: APAC | H5: U004 | I5: Card | J5: 1920 | K5: 0 | L5: =IF(OR(F5>=70,E5="chargeback"),1,0) -> 0
A6: T005 | B6: 46083 | C6: Alpha Mart | D6: INR | E6: captured | F6: 58 | G6: UNKNOWN | H6: U001 | I6: UPI | J6: 4680 | K6: 0 | L6: =IF(OR(F6>=70,E6="chargeback"),1,0) -> 0
A7: T006 | B7: 46083 | C7: Beta Stores | D7: INR | E7: captured | F7: 64 | G7: UNKNOWN | H7: U005 | I7: Wallet | J7: 3300 | K7: 0 | L7: =IF(OR(F7>=70,E7="chargeback"),1,0) -> 0
A8: T007 | B8: 46083 | C8: Alpha Mart | D8: INR | E8: chargeback | F8: 83 | G8: APAC | H8: U006 | I8: Card | J8: 5400 | K8: 1 | L8: =IF(OR(F8>=70,E8="chargeback"),1,0) -> 1
A9: T008 | B9: 46084 | C9: Beta Stores | D9: INR | E9: captured | F9: 59 | G9: UNKNOWN | H9: U007 | I9: UPI | J9: 4114 | K9: 0 | L9: =IF(OR(F9>=70,E9="chargeback"),1,0) -> 0
A10: T009 | B10: 46084 | C10: Alpha Mart | D10: INR | E10: captured | F10: 46 | G10: APAC | H10: U002 | I10: Wallet | J10: 1512.5 | K10: 0 | L10: =IF(OR(F10>=70,E10="chargeback"),1,0) -> 0
A11: T010 | B11: 46084 | C11: Beta Stores | D11: INR | E11: captured | F11: 77 | G11: UNKNOWN | H11: U003 | I11: Card | J11: 7381 | K11: 0 | L11: =IF(OR(F11>=70,E11="chargeback"),1,0) -> 1
A12: T011 | B12: 46084 | C12: Alpha Mart | D12: INR | E12: failed | F12: 0 | G12: UNKNOWN | H12: U008 | I12: UPI | J12: 2359.5 | K12: 0 | L12: =IF(OR(F12>=70,E12="chargeback"),1,0) -> 0
A13: T012 | B13: 46085 | C13: Beta Stores | D13: INR | E13: captured | F13: 61 | G13: APAC | H13: U009 | I13: Card | J13: 3000 | K13: 0 | L13: =IF(OR(F13>=70,E13="chargeback"),1,0) -> 0
... A31: T030 | B31: 46087 | C31: Delta Travels | D31: USD | E31: failed | F31: 47 | G31: US | H31: U010 | I31: UPI | J31: 1800 | K31: 0 | L31: =IF(OR(F31>=70,E31="chargeback"),1,0) -> 0

Sheet exchange_rates
A1: rate_date | B1: currency | C1: usd_rate | D1: lookup_key
A2: 46082 | B2: INR | C2: 0.0119 | D2: =TEXT(A2,"yyyy-mm-dd") & "_" & TRIM(B2) -> 2026-03-01_INR
A3: 46082 | B3: EUR | C3: 1.08 | D3: =TEXT(A3,"yyyy-mm-dd") & "_" & TRIM(B3) -> 2026-03-01_EUR
A4: 46082 | B4: USD | C4: 1 | D4: =TEXT(A4,"yyyy-mm-dd") & "_" & TRIM(B4) -> 2026-03-01_USD
A5: 46083 | B5: INR | C5: 0.012 | D5: =TEXT(A5,"yyyy-mm-dd") & "_" & TRIM(B5) -> 2026-03-02_INR
A6: 46083 | B6: EUR | C6: 1.09 | D6: =TEXT(A6,"yyyy-mm-dd") & "_" & TRIM(B6) -> 2026-03-02_EUR
A7: 46083 | B7: USD | C7: 1 | D7: =TEXT(A7,"yyyy-mm-dd") & "_" & TRIM(B7) -> 2026-03-02_USD
A8: 46084 | B8: INR | C8: 0.0121 | D8: =TEXT(A8,"yyyy-mm-dd") & "_" & TRIM(B8) -> 2026-03-03_INR
A9: 46084 | B9: EUR | C9: 1.08 | D9: =TEXT(A9,"yyyy-mm-dd") & "_" & TRIM(B9) -> 2026-03-03_EUR
A10: 46084 | B10: USD | C10: 1 | D10: =TEXT(A10,"yyyy-mm-dd") & "_" & TRIM(B10) -> 2026-03-03_USD
A11: 46085 | B11: INR | C11: 0.012 | D11: =TEXT(A11,"yyyy-mm-dd") & "_" & TRIM(B11) -> 2026-03-04_INR
A12: 46085 | B12: EUR | C12: 1.07 | D12: =TEXT(A12,"yyyy-mm-dd") & "_" & TRIM(B12) -> 2026-03-04_EUR
A13: 46085 | B13: USD | C13: 1 | D13: =TEXT(A13,"yyyy-mm-dd") & "_" & TRIM(B13) -> 2026-03-04_USD
... A19: 46087 | B19: USD | C19: 1 | D19: =TEXT(A19,"yyyy-mm-dd") & "_" & TRIM(B19) -> 2026-03-06_USD
